group_id,source,target
planning,"In today's fast-paced world, effective planning plays a crucial role in achieving success. By carefully outlining goals and taking actionable steps, individuals can unlock their full potential.","Good planning makes ambitious goals manageable. Set a clear target, decide what to do next, and adjust as you learn."
planning,"It is important to note that a plan serves as a roadmap, enabling teams to navigate challenges and ultimately drive meaningful outcomes.","A plan gives the team direction when problems come up and keeps everyone focused on the result."
meetings,"Meetings serve as a valuable opportunity to foster collaboration, share insights, and ensure that all stakeholders are aligned moving forward.","Meetings are useful when people need to make a decision, exchange information, or agree on what happens next."
meetings,"By leveraging a structured agenda, organizations can streamline communication and enhance overall productivity in a meaningful way.","A clear agenda keeps the conversation focused and helps people leave with decisions and owners."
software,"In the ever-evolving landscape of software development, testing is not merely a technical necessity; it is a cornerstone of delivering robust and reliable user experiences.","Testing catches failures before users do and gives a team confidence that a change is safe to release."
software,"By embracing automated testing, development teams can significantly enhance code quality while simultaneously accelerating their delivery workflows.","Automated tests help teams ship faster without relying on someone to check the same behavior by hand each time."
feedback,"Constructive feedback is a powerful catalyst for growth, empowering individuals to identify areas for improvement and reach new heights in their professional journey.","Useful feedback shows someone what to improve and gives them enough detail to act on it."
feedback,"When delivered with empathy and clarity, feedback can foster a culture of continuous learning and unlock the potential of every team member.","Clear, considerate feedback makes it easier for people to learn without putting them on the defensive."
security,"In an increasingly digital world, cybersecurity has become more important than ever, underscoring the need for organizations to adopt proactive measures to safeguard sensitive information.","Organizations need to protect sensitive data before an incident happens, not scramble after one."
security,"A comprehensive security strategy encompasses not only cutting-edge technology but also employee awareness and robust operational processes.","Security depends on trained employees and sound processes as much as it depends on tools."
writing,"Clear communication serves as the foundation upon which successful relationships are built, enabling people to bridge gaps and cultivate mutual understanding.","Clear communication helps people understand one another and build trust."
writing,"By prioritizing concise and accessible language, writers can ensure their message resonates with a diverse audience and drives meaningful engagement.","Concise, plain language helps more readers understand the point and respond to it."
